{"nodes":{"node:1":{"location":{"x":0,"y":0}}},"selection":null,"view":{"scroll":{"x":-80.326812744140625,"y":-107.945449829101562},"visible_rect":{"max":{"x":258.3603515625,"y":142.178070068359375},"min":{"x":-76.1103973388671875,"y":-102.279312133789062}},"zoom":1.05539870262145996}}